backend	kernel	class	launches	checks	manifest	note
hip	addBiasRowsF32	CHECKED	227	2	manifest	
hip	addF32	CHECKED	3496	15	manifest	
hip	addSigmoidRowsF32	CHECKED	21	3	manifest	
hip	argmaxRowKernel	CHECKED	176	10	manifest	
hip	arithBf16	EXTERNAL	0	0	manifest	
hip	arithF16	EXTERNAL	0	0	manifest	
hip	arithF32	EXTERNAL	0	0	manifest	
hip	attendF16	RAN-UNCHECKED	1	0	manifest	xpu-kernel-adaptor 6.4.8: a utility kernel reached only inside a larger comparison whose bracket sits elsewhere; bracket it directly
hip	attendF32	CHECKED	1	1	manifest	
hip	attnCombineKernel	CHECKED	47	6	manifest	
hip	attnCombinePrefillKernel	CHECKED	8	5	manifest	
hip	attnCombinePrefillV2Kernel	CHECKED	1	1	manifest	
hip	attnFlashDecodeGqa1Kernel	CHECKED	7	1	manifest	
hip	attnFlashDecodeGqa4Kernel	CHECKED	2490	7	manifest	
hip	attnFlashDecodeGqa8Kernel	CHECKED	14	3	manifest	
hip	attnFlashDecodeReduceKernel	CHECKED	19	4	manifest	
hip	attnFlashPrefillGqa4Kernel	CHECKED	6	3	manifest	
hip	attnFlashPrefillKernel	CHECKED	8	5	manifest	
hip	attnFlashPrefillTileKernel	CHECKED	917	14	manifest	
hip	attnReducePackQ8Kernel	CHECKED	2494	9	manifest	
hip	attnScoreKernel	CHECKED	47	6	manifest	
hip	attnScorePrefillKernel	CHECKED	1	1	manifest	
hip	attnScorePrefillRowKernel	CHECKED	7	4	manifest	
hip	attnScorePrefillRowV2Kernel	CHECKED	1	1	manifest	
hip	axpbyF32	CHECKED	62	2	manifest	
hip	bincountI32	EXTERNAL	0	0	manifest	
hip	bitonicStepF32	EXTERNAL	0	0	manifest	
hip	blockPadKernel	CHECKED	1	1	manifest	
hip	blockRepack2Kernel	CHECKED	1	1	manifest	
hip	concatI8Kernel	CHECKED	2	1	manifest	
hip	coopLayoutProbeKernel	PROBE	0	0	manifest	
hip	copyRangeF32	EXTERNAL	0	0	manifest	
hip	cropBf16	EXTERNAL	0	0	manifest	
hip	cropF32	EXTERNAL	0	0	manifest	
hip	deqPadZeroKernel	CHECKED	8	4	manifest	
hip	dotCeilingKernel	PROBE	0	0	manifest	
hip	f16F16CoopX3Kernel	CHECKED	1	1	manifest	
hip	f16F32WaveMatVecKernel	CHECKED	177	8	manifest	
hip	f32CopyKernel	CHECKED	71	5	manifest	
hip	f32MatVecKernel	PROBE	0	0	manifest	
hip	f32ToF16Kernel	CHECKED	214	68	manifest	
hip	flatReadKernel	PROBE	0	0	manifest	
hip	gatherF32	EXTERNAL	0	0	manifest	
hip	gatherRowsF32Kernel	CHECKED	12	1	manifest	
hip	gluF32	CHECKED	944	14	manifest	
hip	gluFusedF32	CHECKED	2	2	manifest	
hip	gluPackF32	CHECKED	2420	4	manifest	
hip	iq2sF16CoopN256Kernel	CHECKED	1	1	manifest	
hip	iq2sF16CoopN64Kernel	CHECKED	1	1	manifest	
hip	iq2sF16CoopX3Kernel	CHECKED	1	1	manifest	
hip	iq2sIq3xxsQkvWaveMatVecKernel	CHECKED	1	1	manifest	
hip	iq2sQ8WaveGateUpGluKernel	CHECKED	1	1	manifest	
hip	iq2sQ8WaveMatVecKernel	CHECKED	6	1	manifest	
hip	iq2sQ8WaveMatVecLdsKernel	CHECKED	1	1	manifest	
hip	iq2xsF16CoopN256Kernel	CHECKED	1	1	manifest	
hip	iq2xsF16CoopN64Kernel	CHECKED	1	1	manifest	
hip	iq2xsF16CoopX3Kernel	CHECKED	1	1	manifest	
hip	iq2xsQ8WaveMatVecKernel	CHECKED	1	1	manifest	
hip	iq2xxsF16CoopN256Kernel	CHECKED	1	1	manifest	
hip	iq2xxsF16CoopN64Kernel	CHECKED	1	1	manifest	
hip	iq2xxsF16CoopX3Kernel	CHECKED	1	1	manifest	
hip	iq2xxsQ8WaveMatVecKernel	CHECKED	1	1	manifest	
hip	iq3sF16CoopN256Kernel	CHECKED	1	1	manifest	
hip	iq3sF16CoopN64Kernel	CHECKED	1	1	manifest	
hip	iq3sF16CoopX3Kernel	CHECKED	1	1	manifest	
hip	iq3sQ8WaveMatVecKernel	CHECKED	3	2	manifest	
hip	iq3xxsF16CoopIdN64Kernel	CHECKED	1	1	manifest	
hip	iq3xxsF16CoopN256Kernel	CHECKED	1	1	manifest	
hip	iq3xxsF16CoopN64Kernel	CHECKED	3	1	manifest	
hip	iq3xxsF16CoopX3Kernel	CHECKED	2	1	manifest	
hip	iq3xxsQ8IdGateUpGluKernel	CHECKED	5	3	manifest	
hip	iq3xxsQ8IdMatVecKernel	CHECKED	3	1	manifest	
hip	iq3xxsQ8WaveGateUpGluKernel	CHECKED	5	3	manifest	
hip	iq3xxsQ8WaveMatVecKernel	CHECKED	12	2	manifest	
hip	iq3xxsQkvWaveMatVecKernel	CHECKED	1	1	manifest	
hip	iq4nlF16CoopIdN64Kernel	CHECKED	1	1	manifest	
hip	iq4nlF16CoopN64Kernel	CHECKED	3	1	manifest	
hip	iq4nlF16CoopX1Kernel	CHECKED	1	1	manifest	
hip	iq4nlF16CoopX3Kernel	CHECKED	3	2	manifest	
hip	iq4nlF32WaveMatVecKernel	CHECKED	1	1	manifest	
hip	iq4nlMatVecKernel	CHECKED	6	2	manifest	
hip	iq4nlQ8IdDownCombineKernel	CHECKED	2	2	manifest	
hip	iq4nlQ8IdMatVecKernel	CHECKED	3	1	manifest	
hip	iq4nlQ8WaveMatVecKernel	CHECKED	6	2	manifest	
hip	iq4xsF16CoopX1Kernel	CHECKED	1	1	manifest	
hip	iq4xsF16CoopX3Kernel	CHECKED	1	1	manifest	
hip	iq4xsMatVecKernel	CHECKED	6	2	manifest	
hip	iqTableProbeKernel	CHECKED	1	1	manifest	
hip	kvAppendKernel	CHECKED	12	1	manifest	
hip	kvAppendRangeKernel	CHECKED	910	9	manifest	
hip	ldsDotKernel	PROBE	0	0	manifest	
hip	matmulBf16	EXTERNAL	0	0	manifest	
hip	matmulBf16Wide	EXTERNAL	0	0	manifest	
hip	matmulF16	EXTERNAL	0	0	manifest	
hip	matmulF32	EXTERNAL	0	0	manifest	
hip	matmulF64	EXTERNAL	0	0	manifest	
hip	matmulI8	EXTERNAL	0	0	manifest	
hip	mmaF16Kernel	PROBE	0	0	manifest	
hip	mmaI8Kernel	PROBE	0	0	manifest	
hip	moeCombineAddKernel	RAN-UNCHECKED	3	0	manifest	xpu-kernel-adaptor 6.4.8: a utility kernel reached only inside a larger comparison whose bracket sits elsewhere; bracket it directly
hip	moeCombineKernel	CHECKED	1	1	manifest	
hip	moeGroupKernel	CHECKED	12	2	manifest	
hip	moeScatterCombineKernel	CHECKED	12	1	manifest	
hip	moeTopKBatchKernel	CHECKED	12	2	manifest	
hip	moeTopKKernel	CHECKED	42	1	manifest	
hip	mxfp4MatVecKernel	CHECKED	6	2	manifest	
hip	mxfp4MatVecKernelCoop	CHECKED	1	1	manifest	
hip	mxfp4MatVecKernelCoopQ8	CHECKED	1	1	manifest	
hip	mxfp4MatVecKernelCoopQ8Surface	CHECKED	1	1	manifest	
hip	mxfp4MatVecKernelFast3	CHECKED	6	2	manifest	
hip	mxfp4QuantActKernel	CHECKED	3	3	manifest	
hip	narrowF32ToBf16	EXTERNAL	0	0	manifest	
hip	padBf16	EXTERNAL	0	0	manifest	
hip	padF16	EXTERNAL	0	0	manifest	
hip	padF32	EXTERNAL	0	0	manifest	
hip	q2kF16CoopX1Kernel	CHECKED	1	1	manifest	
hip	q2kF16CoopX3Kernel	CHECKED	258	2	manifest	
hip	q2kQ8WaveMatVecKernel	CHECKED	3078	2	manifest	
hip	q2kWidenKernel	CHECKED	2	1	manifest	
hip	q2kWmmaDeqMw8Kernel	CHECKED	2	1	manifest	
hip	q3kF16CoopX1Kernel	CHECKED	1	1	manifest	
hip	q3kF16CoopX3Kernel	CHECKED	2	2	manifest	
hip	q3kQ8WaveMatVecKernel	CHECKED	1542	2	manifest	
hip	q3kWidenKernel	CHECKED	66	1	manifest	
hip	q3kWmmaDeqMw8Kernel	CHECKED	258	1	manifest	
hip	q40F16CoopX1Kernel	CHECKED	1	1	manifest	
hip	q40F16CoopX3Kernel	CHECKED	2	2	manifest	
hip	q40F32WaveMatVecKernel	CHECKED	1	1	manifest	
hip	q40MatVecKernel	CHECKED	6	2	manifest	
hip	q40Q8WaveMatVecKernel	CHECKED	1	1	manifest	
hip	q40WidenKernel	CHECKED	3	3	manifest	
hip	q41F16CoopX1Kernel	CHECKED	1	1	manifest	
hip	q41F16CoopX3Kernel	CHECKED	2	2	manifest	
hip	q41MatVecKernel	CHECKED	6	2	manifest	
hip	q4kF16CoopC7Kernel	PROBE	0	0	manifest	
hip	q4kF16CoopCAKernel	PROBE	0	0	manifest	
hip	q4kF16CoopCBKernel	PROBE	0	0	manifest	
hip	q4kF16CoopCeilKernel	PROBE	0	0	manifest	
hip	q4kF16CoopCLKernel	PROBE	0	0	manifest	
hip	q4kF16CoopKernel	CHECKED	1	1	manifest	
hip	q4kF16CoopM64Kernel	CHECKED	2	2	manifest	
hip	q4kF16CoopN256GKernel	CHECKED	1	1	manifest	
hip	q4kF16CoopN256Kernel	CHECKED	1	1	manifest	
hip	q4kF16CoopV1Kernel	PROBE	0	0	manifest	
hip	q4kF16CoopV7Kernel	PROBE	0	0	manifest	
hip	q4kF16CoopX1Kernel	CHECKED	1	1	manifest	
hip	q4kF16CoopX3Kernel	CHECKED	1	1	manifest	
hip	q4kMatVecKernel	CHECKED	33	11	manifest	
hip	q4kMatVecKernelIL	CHECKED	1	1	manifest	
hip	q4kQ8Batch4MatMulKernel	CHECKED	1	1	manifest	
hip	q4kQ8BatchMatMulKernel	CHECKED	16	4	manifest	
hip	q4kQ8IdDownCombineKernel	CHECKED	34	5	manifest	
hip	q4kQ8IdGateUpGluKernel	CHECKED	34	4	manifest	
hip	q4kQ8IdMatVecKernel	CHECKED	4	1	manifest	
hip	q4kQ8MatVecKernel	CHECKED	12	7	manifest	
hip	q4kQ8MmqKernel	CHECKED	1	1	manifest	
hip	q4kQ8PackedMatVecKernel	CHECKED	12	6	manifest	
hip	q4kQ8WaveMatVecKernel	CHECKED	54244	17	manifest	
hip	q4kWidenKernel	CHECKED	961	6	manifest	
hip	q4kWmmaDeqEpiKernel	RAN-UNCHECKED	1	0	manifest	xpu-kernel-adaptor 6.4.8: the staged WMMA kernels are judged only against the batch GEMMs
hip	q4kWmmaDeqKernel	RAN-UNCHECKED	1	0	manifest	xpu-kernel-adaptor 6.4.8: the staged WMMA kernels are judged only against the batch GEMMs
hip	q4kWmmaDeqMw4Kernel	RAN-UNCHECKED	29	0	manifest	xpu-kernel-adaptor 6.4.8: the staged WMMA kernels are judged only against the batch GEMMs
hip	q4kWmmaDeqMw8Kernel	CHECKED	15582	1	manifest	
hip	q4kWmmaDeqMwKernel	CHECKED	766	5	manifest	
hip	q4kWmmaDeqN4Kernel	RAN-UNCHECKED	1	0	manifest	xpu-kernel-adaptor 6.4.8: the staged WMMA kernels are judged only against the batch GEMMs
hip	q4kWmmaDeqT2Kernel	RAN-UNCHECKED	1	0	manifest	xpu-kernel-adaptor 6.4.8: the staged WMMA kernels are judged only against the batch GEMMs
hip	q4kWmmaEpiKernel	RAN-UNCHECKED	1	0	manifest	xpu-kernel-adaptor 6.4.8: the staged WMMA kernels are judged only against the batch GEMMs
hip	q4kWmmaIdEpiKernel	RAN-UNCHECKED	1	0	manifest	xpu-kernel-adaptor 6.4.8: the spill-id tiles are the oracle their Epi and Mw variants are judged against, and have no host oracle
hip	q4kWmmaIdKernel	RAN-UNCHECKED	2	0	manifest	xpu-kernel-adaptor 6.4.8: the spill-id tiles are the oracle their Epi and Mw variants are judged against, and have no host oracle
hip	q4kWmmaIdMw8Kernel	CHECKED	7	1	manifest	
hip	q4kWmmaIdMwKernel	CHECKED	28	1	manifest	
hip	q4kWmmaKernel	CHECKED	993	10	manifest	
hip	q4kWmmaMwKernel	RAN-UNCHECKED	1	0	manifest	xpu-kernel-adaptor 6.4.8: the staged WMMA kernels are judged only against the batch GEMMs
hip	q50F16CoopX1Kernel	CHECKED	1	1	manifest	
hip	q50F16CoopX3Kernel	CHECKED	2	2	manifest	
hip	q50F32WaveMatVecKernel	CHECKED	1	1	manifest	
hip	q50MatVecKernel	CHECKED	6	2	manifest	
hip	q50Q8WaveMatVecKernel	CHECKED	1	1	manifest	
hip	q50WidenKernel	CHECKED	3	3	manifest	
hip	q51F16CoopX1Kernel	CHECKED	1	1	manifest	
hip	q51F16CoopX3Kernel	CHECKED	2	2	manifest	
hip	q51MatVecKernel	CHECKED	6	2	manifest	
hip	q5kF16CoopX1Kernel	CHECKED	1	1	manifest	
hip	q5kF16CoopX3Kernel	CHECKED	3	2	manifest	
hip	q5kMatVecKernel	CHECKED	6	2	manifest	
hip	q5kQ8WaveMatVecKernel	CHECKED	6	2	manifest	
hip	q5kWidenKernel	CHECKED	1	1	manifest	
hip	q6kF16CoopKernel	CHECKED	1	1	manifest	
hip	q6kF16CoopM64Kernel	CHECKED	2	2	manifest	
hip	q6kF16CoopN256GKernel	CHECKED	1	1	manifest	
hip	q6kF16CoopN256Kernel	CHECKED	1	1	manifest	
hip	q6kF16CoopX1Kernel	CHECKED	1	1	manifest	
hip	q6kF16CoopX3Kernel	CHECKED	1	1	manifest	
hip	q6kMatVecKernel	CHECKED	10	6	manifest	
hip	q6kQ8BatchMatMulKernel	CHECKED	7	3	manifest	
hip	q6kQ8IdDownCombineKernel	SKIP	0	0	manifest	xpu-kernel-adaptor 6.4.2: the Q6_K packed-chunk MoE id kernels need a Q6_K expert-bank fixture; MoeIdKernelTest only builds Q4_K
hip	q6kQ8IdMatVecKernel	SKIP	0	0	manifest	xpu-kernel-adaptor 6.4.2: the Q6_K packed-chunk MoE id kernels need a Q6_K expert-bank fixture; MoeIdKernelTest only builds Q4_K
hip	q6kQ8MmqKernel	CHECKED	1	1	manifest	
hip	q6kQ8WaveMatVecKernel	CHECKED	891	3	manifest	
hip	q6kScaleImageKernel	RAN-UNCHECKED	1	0	manifest	xpu-kernel-adaptor 6.4.8: the spill-id tiles are the oracle their Epi and Mw variants are judged against, and have no host oracle
hip	q6kWidenKernel	CHECKED	103	2	manifest	
hip	q6kWmmaDeqMw4Kernel	CHECKED	3028	1	manifest	
hip	q6kWmmaDeqMw8Kernel	CHECKED	2	1	manifest	
hip	q6kWmmaEpiKernel	CHECKED	70	4	manifest	
hip	q6kWmmaIdEpiKernel	RAN-UNCHECKED	1	0	manifest	xpu-kernel-adaptor 6.4.8: the spill-id tiles are the oracle their Epi and Mw variants are judged against, and have no host oracle
hip	q6kWmmaIdKernel	RAN-UNCHECKED	2	0	manifest	xpu-kernel-adaptor 6.4.8: the spill-id tiles are the oracle their Epi and Mw variants are judged against, and have no host oracle
hip	q6kWmmaIdMwKernel	RAN-UNCHECKED	2	0	manifest	xpu-kernel-adaptor 6.4.8: the spill-id tiles are the oracle their Epi and Mw variants are judged against, and have no host oracle
hip	q6kWmmaKernel	RAN-UNCHECKED	2	0	manifest	xpu-kernel-adaptor 6.4.8: the staged WMMA kernels are judged only against the batch GEMMs
hip	q80F16CoopX1Kernel	CHECKED	1	1	manifest	
hip	q80F16CoopX3Kernel	CHECKED	4	4	manifest	
hip	q80F32WaveMatVecKernel	CHECKED	86	3	manifest	
hip	q80Q8WaveMatVecKernel	CHECKED	10	3	manifest	
hip	q80WidenKernel	CHECKED	25	7	manifest	
hip	q80WmmaDeqMw8Kernel	CHECKED	29	10	manifest	
hip	q8kPackKernel	CHECKED	50000	53	manifest	
hip	q8MatVecKernel	CHECKED	6	2	manifest	
hip	qkNormRowsF32	RAN-UNCHECKED	2	0	manifest	xpu-kernel-adaptor 6.4.8: a utility kernel reached only inside a larger comparison whose bracket sits elsewhere; bracket it directly
hip	qkPrepKernel	CHECKED	2533	12	manifest	
hip	qkvWaveMatVecKernel	CHECKED	1571	3	manifest	
hip	reduceMaxF32	EXTERNAL	0	0	manifest	
hip	reduceMinF32	EXTERNAL	0	0	manifest	
hip	reduceSumBf16	EXTERNAL	0	0	manifest	
hip	reduceSumF16	EXTERNAL	0	0	manifest	
hip	reduceSumF32	EXTERNAL	0	0	manifest	
hip	reduceSumSqF32	EXTERNAL	0	0	manifest	
hip	rmsnormF32	RAN-UNCHECKED	1	0	manifest	xpu-kernel-adaptor 6.4.8: a utility kernel reached only inside a larger comparison whose bracket sits elsewhere; bracket it directly
hip	rmsnormPackRowF32	CHECKED	4984	13	manifest	
hip	rmsnormRouterTopKKernel	CHECKED	21	2	manifest	
hip	rmsnormRowF32	CHECKED	306	9	manifest	
hip	rmsnormRowsF32	CHECKED	1868	9	manifest	
hip	ropeDecodeKernel	CHECKED	8	1	manifest	
hip	ropeF32	CHECKED	1820	9	manifest	
hip	routeHistKernel	RAN-UNCHECKED	4	0	manifest	xpu-kernel-adaptor 6.4.8: a utility kernel reached only inside a larger comparison whose bracket sits elsewhere; bracket it directly
hip	routerBatchF32Kernel	CHECKED	139	3	manifest	
hip	routerF32MatVecKernel	CHECKED	21	5	manifest	
hip	routerTopKKernel	CHECKED	2	2	manifest	
hip	routerTopKWaveKernel	CHECKED	16	4	manifest	
hip	rowReadKernel	PROBE	0	0	manifest	
hip	scaleF32	CHECKED	1	1	manifest	
hip	scanStepF32	EXTERNAL	0	0	manifest	
hip	scatterF32	EXTERNAL	0	0	manifest	
hip	skewReadKernel	PROBE	0	0	manifest	
hip	sliceF32	CHECKED	82	9	manifest	
hip	sliceI8Kernel	CHECKED	1	1	manifest	
hip	splitKernel	SKIP	0	0	manifest	xpu-kernel-adaptor 6.4.1: the byte-wise split is unreachable, every split format is dword-addressable (CensusReachTest pins the sweep); remove it or give it a format
hip	splitPayloadKernel	CHECKED	466	93	manifest	
hip	splitRows3F32	CHECKED	1	1	manifest	
hip	splitScaleKernel	CHECKED	168	5	manifest	
hip	splitScaleWordKernel	CHECKED	298	88	manifest	
hip	streamReadKernel	PROBE	0	0	manifest	
hip	symQ8IdDownCombineKernel	CHECKED	5	2	manifest	
hip	symQ8IdMatVecKernel	CHECKED	2	1	manifest	
hip	symScaleImageKernel	CHECKED	29	11	manifest	
hip	symWmmaDeqIdMw8Kernel	CHECKED	2	1	manifest	
hip	symWmmaDeqMw8IdKernel	CHECKED	5	1	manifest	
hip	tileMmaKernel	PROBE	0	0	manifest	
hip	tileSplatKernel	PROBE	0	0	manifest	
hip	touchLinesKernel	PROBE	0	0	manifest	
hip	tq10F16CoopX1Kernel	CHECKED	1	1	manifest	
hip	tq10F16CoopX3Kernel	CHECKED	15	2	manifest	
hip	tq10Q8WaveMatVecKernel	CHECKED	72	3	manifest	
hip	tq20F16CoopX1Kernel	CHECKED	1	1	manifest	
hip	tq20F16CoopX3Kernel	CHECKED	15	2	manifest	
hip	tq20Q8WaveMatVecKernel	CHECKED	142	4	manifest	
hip	wideReadKernel	PROBE	0	0	manifest	
