# xpu-kernel-adaptor Unit 11, 2026-09-30, RTX 4090 (sm_89), llama.cpp 67a17c1 CUDA, real tensors of Meta-Llama-3.1-8B-Instruct-Q4_K_M
# every number is the MIN OF THREE leg runs, ns per launch, device timer tier on both legs; the scalar family at its derived block (32 rows per workgroup)
# calibration: llama.cpp mul_mat q4_K 4096x14336x1 hot read 12978, 12900 and 13009 ns against the recorded 13330 (2.4 to 3.2% apart, tolerance 5%)
# the wave rows are the device route (Unit 9) and are here for scale; scalar, scalar-f32 and batch are the Unit 11 families
family	kernel	type	shape	residency	cajeta_ns	llama_ns	ratio	par
wave	q4kQ8WaveMatVecKernel	q4_K	4096x14336x1	hot	44310	12900	3.43x	NOT PAR
wave	q4kQ8WaveMatVecKernel	q4_K	1024x4096x1	cold	25022	4584	5.46x	NOT PAR
wave	q6kQ8WaveMatVecKernel	q6_K	1024x4096x1	hot	23681	3581	6.61x	NOT PAR
wave	q4kQ8WaveMatVecKernel	q4_K	4096x4096x1	cold	19327	11349	1.70x	NOT PAR
wave	q4kQ8WaveMatVecKernel	q4_K	14336x4096x1	cold	48553	34081	1.42x	NOT PAR
wave	q4kQ8WaveMatVecKernel	q4_K	4096x14336x1	cold	47364	34024	1.39x	NOT PAR
wave	q6kQ8WaveMatVecKernel	q6_K	4096x14336x1	cold	58245	48963	1.19x	NOT PAR
wave	q6kQ8WaveMatVecKernel	q6_K	128256x4096x1	cold	430488	416488	1.03x	NOT PAR
scalar	q4kQ8PackedMatVecKernel	q4_K	4096x14336x1	hot	278843	12900	21.62x	NOT PAR
scalar	q4kQ8PackedMatVecKernel	q4_K	1024x4096x1	cold	94673	4584	20.65x	NOT PAR
scalar	q6kMatVecKernel	q6_K	1024x4096x1	hot	128078	3581	35.77x	NOT PAR
scalar	q4kQ8PackedMatVecKernel	q4_K	4096x4096x1	cold	96687	11349	8.52x	NOT PAR
scalar	q4kQ8PackedMatVecKernel	q4_K	14336x4096x1	cold	144042	34081	4.23x	NOT PAR
scalar	q4kQ8PackedMatVecKernel	q4_K	4096x14336x1	cold	325734	34024	9.57x	NOT PAR
scalar	q6kMatVecKernel	q6_K	4096x14336x1	cold	506580	48963	10.35x	NOT PAR
scalar	q6kMatVecKernel	q6_K	128256x4096x1	cold	1476852	416488	3.55x	NOT PAR
scalar-f32	q4kMatVecKernel	q4_K	4096x14336x1	hot	497397	12900	38.56x	NOT PAR
scalar-f32	q4kMatVecKernel	q4_K	1024x4096x1	cold	154278	4584	33.66x	NOT PAR
scalar-f32	q6kMatVecKernel	q6_K	1024x4096x1	hot	128281	3581	35.82x	NOT PAR
scalar-f32	q4kMatVecKernel	q4_K	4096x4096x1	cold	156192	11349	13.76x	NOT PAR
scalar-f32	q4kMatVecKernel	q4_K	14336x4096x1	cold	258008	34081	7.57x	NOT PAR
scalar-f32	q4kMatVecKernel	q4_K	4096x14336x1	cold	538546	34024	15.83x	NOT PAR
scalar-f32	q6kMatVecKernel	q6_K	4096x14336x1	cold	509530	48963	10.41x	NOT PAR
scalar-f32	q6kMatVecKernel	q6_K	128256x4096x1	cold	1482981	416488	3.56x	NOT PAR
batch	q4kQ8BatchMatMulKernel	q4_K	1024x4096x4	cold	89075	5088	17.51x	NOT PAR
batch	q6kQ8BatchMatMulKernel	q6_K	1024x4096x4	hot	102947	4930	20.88x	NOT PAR
batch	q4kQ8BatchMatMulKernel	q4_K	4096x4096x4	cold	295445	12311	24.00x	NOT PAR
batch	q4kQ8BatchMatMulKernel	q4_K	14336x4096x4	cold	973469	35494	27.43x	NOT PAR
batch	q4kQ8BatchMatMulKernel	q4_K	4096x14336x4	cold	1037897	37141	27.94x	NOT PAR
batch	q6kQ8BatchMatMulKernel	q6_K	4096x14336x4	cold	1120302	50736	22.08x	NOT PAR
batch	q6kQ8BatchMatMulKernel	q6_K	128256x4096x4	cold	9468364	424632	22.30x	NOT PAR
