# cajeta hot control: q4_K 4096x14336x1 44207 ns/launch (device, clock scale 0.99943)
# calibration: reproduced llama.cpp mul_mat q4_K 4096x14336x1 cold: recorded 82440 ns, now 84371 ns (2.34231% apart, tolerance 5%)
# of_peak: fraction of the theoretical bus bandwidth 256 GB/s (or of 165 TFLOPS where compute binds)
op	type	shape	residency	tier	cajeta_ns	cajeta_of_peak	llama_ns	llama_of_peak	ratio	par	llama_backend	note
mul_mat	q4_K	1024x4096x1	cold	device	16695	55.7%	16953	54.8%	0.98x	par	HIP 5306f4b	
mul_mat	q6_K	1024x4096x1	cold	device	21505	62.9%	21511	62.9%	1.00x	par	HIP 5306f4b	
mul_mat	q4_K	4096x4096x1	cold	device	47078	78.6%	52337	70.7%	0.90x	par	HIP 5306f4b	
mul_mat	q4_K	14336x4096x1	cold	device	147550	87.6%	154405	83.7%	0.96x	par	HIP 5306f4b	
mul_mat	q4_K	4096x14336x1	cold	device	158376	81.6%	175122	73.8%	0.90x	par	HIP 5306f4b	
mul_mat	q6_K	4096x14336x1	cold	device	223456	84.3%	233141	80.8%	0.96x	par	HIP 5306f4b	
mul_mat	q6_K	128256x4096x1	cold	device	1901997	88.6%	1885090	89.4%	1.01x	NOT PAR	HIP 5306f4b	
# pairs 7, par 6, not par 1, refused 0
